
<?xml version="1.0"?>
    <employee>
	<Employee_code>101</Employee_code>
        <Employee_name>Preetham</Employee_name>
	<Date_of_joining>10-JAN-2010</Date_of_joining>
	<Salary>18000</Salary>
	<grade>A</grade>
   
	<Employee_code>102</Employee_code>
        <Employee_name>Akash</Employee_name>
	<Date_of_joining>10-NOV-2005</Date_of_joining>
	<Salary>48000</Salary>
	<grade>C</grade>
  
	<Employee_code>103</Employee_code>
        <Employee_name>Kishore</Employee_name>
	<Date_of_joining>19-DEC-2011</Date_of_joining>
	<Salary>21000</Salary>
	<grade>B</grade>
   
	<Employee_code>104</Employee_code>
        <Employee_name>Reena</Employee_name>
	<Date_of_joining>23-JUN-2006</Date_of_joining>
	<Salary>42000</Salary>
	<grade>C</grade>
   
	<Employee_code>105</Employee_code>
        <Employee_name>Kaliash</Employee_name>
	<Date_of_joining>5-FEB-2004</Date_of_joining>
	<Salary>46000</Salary>
	<grade>C</grade>

	<Employee_code>106</Employee_code>
        <Employee_name>Sahana</Employee_name>
	<Date_of_joining>18-NOV-2003</Date_of_joining>
	<Salary>52000</Salary>
	<grade>C</grade>

	<Employee_code>107</Employee_code>
        <Employee_name>Keerthana</Employee_name>
	<Date_of_joining>25-JUL-2006</Date_of_joining>
	<Salary>27000</Salary>
	<grade>B</grade>
    </employee>